Variant,Protein Change (p.),cDNA Change (c.),rsID,Location (GRCh38),Variant Type,ClinVar Clinical Significance,ClinVar Review Status (0-4 stars),MDSGene (Y/N),Ma et al. Classification,Functional Evidence?,gnomAD Global AF (q),Allele Count (AC),Allele Number (AN),African/African American (AFR) AF,Admixed American (AMR) AF,East Asian  (EAS) AF,European (EUR) AF,South Asian (SAS) AF,1000 Genomes Global AF,AFR AF,AMR AF,EAS AF,EUR AF,SAS AF,q² (Expected Homozygote Frequency),2pq (Expected Heterozygote Frequency) [p ≈ 1 for rare variants],Notes
Q126P,p.Gln126Pro,c.377A>C,rs775809722,1 :20633925,Missense,Likely pathogenic,1 - Criteria provided; single submitter,Y,Pathogenic (Sherloc + functional),Yes,0.000003218,5,"1,553,530",0,0.0001816,0,0.000003479,0,0 (not available),,,,,,1.04E-11,6.4E-10,Observed only AMR and EUR AFs in gnomAD. No homozygotes
A168P,p.Ala168Pro,c.502G>C,rs768091663,1: 20637956,Missense,Pathogenic/Likely Pathogenic,2 - Four submitters,Y,Pathogenic (Sherloc + functional),Yes,0.000006814,11,"1,614,208",0,0,0,0.000008474,0,0 (not available),,,,,,4.64E-11,1.4E-06,Observed only EUR AF in gnomAD. No homozygotes
V170G,p.Val170Gly,c.509T>G,rs1553145929,1 :20637963,Missense,Not available,Not available,Y,Pathogenic (Sherloc + functional),Not in ClinVar,0,0,0,0,0,0,0,0,0 (not available),,,,,,0E+00,0,Not observed in gnomAD v4
G309D,p.Gly309Asp,c.926G>A,rs74315355,1 :20644639,Missense,Pathogenic,Single submitter; no stars,Y,Pathogenic (Sherloc + functional),Yes,0,0,0,0,0,0,0,0,0 (not available),,,,,,0E+00,0,Not observed in gnomAD v4
T313M,p.Thr313Met,c.938C>T,rs74315359,1:20644651,Missense,Pathogenic/Likely Pathogenic,2 - Three submitters,Y,Pathogenic (Sherloc + functional),Yes,0.00001363,22,"1,614,228",0.00002624,0,0.0001560,0.000006779,0.00004391,0.0001996805,0,0,0.001,0,0,1.86E-10,2.6E-05,No homozygotes. Only observed in EAS in 1000 Genomes (1 allele)
L347P,p.Leu347Pro,c.1040T>C,rs28940285,1 :20645640,Missense,Pathogenic,2 - 12 submitters,Y,Pathogenic (Sherloc + functional),Yes,0.00001611,26,"1,614,012",0,0.00003334,0.0002451,8.474e-07,0,0 (not available),,,,,,2.6E-10,3.2E-05,No homozygotes
G386A,p.Gly386Ala,c.1157G>C,rs2545264597,1 :20648538,Missense,Not available,Not available,Y,Pathogenic (Sherloc + functional),Yes,0.000001239,2,"1.614,150",0,0,0,0.000001695,0,0 (not available),,,,,,1.54E-12,2.5E-06,No homozygotes
G409V,p.Gly409Val,c.1226G>T,rs1553146818,1 :20648607,Missense,Not available,Not available,Y,Pathogenic (Sherloc + functional),Yes,0,0,"1,614,042",0,0,0,0,0,0 (not available),,,,,,0E+00,0,No homozygotes
L489P,p.Leu489Pro,c.1466T>C,rs1553146903,1 :20649209,Missense,Not available,Not available,Y,Pathogenic (Sherloc + functional),"Yes (Lim et al., 2021)",0.000001859,3,"1,614,124",0,0,0,8.475e-7,0.00001098,0 (not available),,,,,,3.46E-12,3.7E-06,"Sister homozygotes reported in case study (Lim et al., 2021)"
C388R,p.Cys388Arg,c.1162T>C,rs1553146806,1 :20648543,Missense,Likely pathogenic,1 - Single submitter,Y,Pathogenic (Sherloc + functional),Yes,0.000002478,4,"1,614,170",0,0,0.00004456,0.000001695,0,0 (not available),,,,,,6.14E-12,4.9E-06,Observed only EAS and EUR AFs in gnomAD. No homozygotes
E240K,p.Glu240Lys,c.718G>A,rs573931674,1 :20639934,Missense,Not available,Not available,Y,Pathogenic (Sherloc + functional),Yes,0.000003719,6,"1,613,256",0,0,0,0,0.00006605,0.0001996805,0,0,0,0,0.001 ,1.38E-11,7.4E-06,"Observed only SAS AF in gnomAD. No homozygotes. Only observed in SAS in 1000 Genomes (1 allele),"